City,Cloudiness,Country,Date,Humidity,Latitude,Longitude,Max Temp,Wind Speed
Yellowknife,90,CA,1638334538,83,62.456,-114.3525,-12.59,4.0
Rikitea,0,PF,1638334538,76,-23.1203,-134.9692,76.41,20.69
Bluff,9,NZ,1638334539,74,-46.6,168.3333,68.81,18.41
Saint-Philippe,88,RE,1638334539,74,-21.3585,55.7679,81.95,8.21
East London,75,ZA,1638334347,94,-33.0153,27.9116,63.54,3.44
Ushuaia,40,AR,1638334500,47,-54.8,-68.3,53.26,14.97
Thinadhoo,88,MV,1638334540,74,0.5333,72.9333,82.27,7.38
Draguignan,5,FR,1638334540,70,43.5333,6.4667,47.86,8.05
Cape Town,0,ZA,1638334514,79,-33.9258,18.4232,64.11,5.75
Marsá Maţrūḩ,99,EG,1638334540,63,31.3525,27.2453,63.46,18.48
Salalah,0,OM,1638334541,31,17.0151,54.0924,77.72,11.25
Skjervøy,36,NO,1638334541,65,70.0311,20.9714,25.21,15.59
San Andrés,40,CO,1638334541,83,12.5847,-81.7006,82.42,17.27
Vaini,40,TO,1638334542,89,-21.2,-175.2,80.76,9.22
Hobart,75,AU,1638334542,60,-42.8794,147.3294,73.26,19.57
Hilo,90,US,1638334295,89,19.7297,-155.09,72.81,9.22
Haverfordwest,74,GB,1638334362,80,51.8017,-4.9691,49.15,10.0
Punta Arenas,90,CL,1638334315,62,-53.15,-70.9167,51.91,8.05
Port Alfred,93,ZA,1638334543,75,-33.5906,26.891,67.69,13.6
Pevek,100,RU,1638334543,100,69.7008,170.3133,-12.06,1.19
Coyhaique,0,CL,1638334518,66,-45.5752,-72.0662,49.95,2.3
Hermanus,17,ZA,1638334451,80,-34.4187,19.2345,62.8,7.18
Katsuura,70,JP,1638334543,51,35.1333,140.3,68.14,35.14
Busselton,62,AU,1638334544,44,-33.65,115.3333,71.04,15.7
Kapaa,30,US,1638334544,76,22.0752,-159.319,76.12,3.0
Dzaoudzi,75,YT,1638334544,74,-12.7887,45.2699,82.29,11.5
Durban,64,ZA,1638334530,82,-29.8579,31.0292,71.02,3.0
Cabo San Lucas,95,MX,1638334545,73,22.8909,-109.9124,77.5,4.7
Dikson,100,RU,1638334545,100,73.5069,80.5464,-18.36,9.13
Rzhaksa,100,RU,1638334545,80,52.1338,42.0264,30.33,8.14
Chokurdakh,100,RU,1638334546,99,70.6333,147.9167,-16.04,6.22
Kabare,100,CD,1638334546,91,-2.4683,28.8242,63.72,1.3
Jamestown,90,US,1638334303,85,42.097,-79.2353,36.72,8.99
Tilichiki,20,RU,1638334546,95,60.4667,166.1,0.12,4.63
Arraial do Cabo,84,BR,1638334547,92,-22.9661,-42.0278,73.29,4.79
Uíge,100,AO,1638334547,99,-7.6087,15.0613,66.92,2.04
Juruti,92,BR,1638334392,79,-2.1522,-56.0922,77.65,2.37
Andrelândia,71,BR,1638334548,97,-21.7397,-44.3092,62.1,1.25
Ahipara,99,NZ,1638334548,65,-35.1667,173.1667,69.53,4.61
Constitución,13,CL,1638334548,94,-35.3333,-72.4167,51.62,4.52
Mataura,23,NZ,1638334549,50,-46.1927,168.8643,68.49,4.85
Mount Gambier,2,AU,1638334549,50,-37.8333,140.7667,76.91,12.66
Hambantota,40,LK,1638334549,89,6.1241,81.1185,80.94,3.44
Aklavik,65,CA,1638334549,99,68.2191,-135.0107,-22.97,4.99
Mbala,90,ZM,1638334550,66,-8.8402,31.3659,67.15,8.1
Norman Wells,75,CA,1638334550,68,65.282,-126.8329,-25.56,5.75
Hsinchu,3,TW,1638334438,53,24.8036,120.9686,63.9,13.0
Cepu,58,ID,1638334551,65,-7.1475,111.5906,87.69,8.16
Tiksi,100,RU,1638334551,97,71.6872,128.8694,-22.2,6.33
Koumac,58,NC,1638334551,72,-20.5667,164.2833,82.87,5.35
Sanguéya,4,GN,1638334552,95,10.7,-14.3667,74.08,0.69
Cidreira,8,BR,1638334342,88,-30.1811,-50.2056,66.29,9.86
Kahului,40,US,1638334412,81,20.8947,-156.47,77.85,12.66
Namatanai,40,PG,1638334552,65,-3.6667,152.4333,84.9,9.71
Broken Hill,0,AU,1638334553,19,-31.95,141.4333,91.11,5.75
Sabalgarh,100,IN,1638334553,33,26.25,77.4,69.94,3.11
Tripoli,4,LY,1638334554,54,32.8752,13.1875,57.72,6.44
Kruisfontein,32,ZA,1638334554,74,-34.0033,24.7314,60.89,6.26
Nome,5,US,1638334554,79,64.5011,-165.4064,-19.89,5.41
Port Elizabeth,0,ZA,1638334555,94,-33.918,25.5701,63.1,5.75
Saskylakh,83,RU,1638334555,100,71.9167,114.0833,-39.82,4.47
Thompson,90,CA,1638334555,78,55.7435,-97.8558,-0.24,2.3
Ponta do Sol,80,PT,1638334556,80,32.6667,-17.1,62.01,6.22
Rawson,8,AR,1638334356,50,-43.3002,-65.1023,68.43,24.76
College,90,US,1638334556,78,64.8569,-147.8028,1.38,0.0
Albany,90,US,1638334556,87,42.6001,-73.9662,35.62,3.98
Bubaque,25,GW,1638334557,67,11.2833,-15.8333,80.71,8.12
Araouane,78,ML,1638334557,20,18.9048,-3.5265,66.67,12.03
Alta Floresta,100,BR,1638334557,97,-9.8756,-56.0861,70.72,3.42
Sucúa,97,EC,1638334558,91,-2.4667,-78.1667,67.41,2.66
Lorengau,10,PG,1638334558,64,-2.0226,147.2712,85.41,6.6
Mahébourg,40,MU,1638334558,69,-20.4081,57.7,83.25,4.61
Qaanaaq,74,GL,1638334559,78,77.484,-69.3632,3.09,7.38
Fortuna,75,US,1638334420,72,40.5982,-124.1573,50.99,0.0
Tuburan,90,PH,1638334559,73,6.6439,122.2736,86.09,0.65
Lincoln,97,US,1638334523,71,40.8,-96.667,47.98,4.0
Deputatsky,100,RU,1638334560,96,69.3,139.9,-24.12,4.94
Mossamedes,99,AO,1638334456,84,-15.1961,12.1522,68.52,2.3
Nauta,100,PE,1638334560,97,-4.5061,-73.5757,72.84,2.21
Airai,43,TL,1638334560,51,-8.9266,125.4092,77.43,2.98
Kirovskiy,100,RU,1638334561,90,45.0917,133.5136,11.64,17.31
Kwang Binh,82,VN,1638334561,63,17.4833,106.6,72.18,19.19
Kavaratti,44,IN,1638334348,78,10.5669,72.642,81.99,13.44
Pisco,0,PE,1638334561,88,-13.7,-76.2167,63.01,11.5
Cotonou,40,BJ,1638334562,89,6.3654,2.4183,80.58,3.44
San Jose,20,US,1638334263,50,37.3394,-121.895,66.7,3.44
Butaritari,82,KI,1638334562,76,3.0707,172.7902,82.47,7.87
Nanortalik,100,GL,1638334562,92,60.1432,-45.2371,37.31,24.76
Carauari,100,BR,1638334563,99,-4.8828,-66.8958,72.45,1.9
Pitimbu,84,BR,1638334563,77,-7.4706,-34.8086,77.59,8.37
Abū Zabad,1,SD,1638334563,28,12.35,29.25,73.71,9.53
Karacaköy,13,TR,1638334564,68,41.4029,28.3834,42.84,13.51
Ostrovnoy,100,RU,1638334564,64,68.0531,39.5131,25.14,35.32
Atuona,5,PF,1638334564,75,-9.8,-139.0333,78.91,20.74
Kaohsiung City,75,TW,1638334565,63,22.6163,120.3133,73.35,1.01
Hualmay,96,PE,1638334565,87,-11.0964,-77.6139,64.9,6.89
Kaitangata,96,NZ,1638334565,80,-46.2817,169.8464,59.94,13.87
Constanța,95,RO,1638334357,61,44.1833,28.65,32.7,25.12
Tarbagatay,30,RU,1638334566,72,51.4803,107.3602,18.93,7.0
Impfondo,99,CG,1638334566,97,1.6381,18.0667,69.39,2.39
Sunnyside,100,US,1638334566,79,46.3237,-120.0087,59.02,2.66
Dongsheng,6,CN,1638334567,33,39.8161,109.9776,28.02,11.32
Bredasdorp,68,ZA,1638334567,73,-34.5322,20.0403,62.28,7.38
Anadyr,75,RU,1638334567,84,64.75,177.4833,3.7,20.0
Srednekolymsk,97,RU,1638334568,99,67.45,153.6833,-22.67,9.04
Cumana,96,VE,1638334418,84,10.4635,-64.1775,78.89,8.61
Clyde River,100,CA,1638334568,78,70.4692,-68.5914,5.23,13.8
Eganville,98,CA,1638334568,82,45.5334,-77.0994,30.02,7.85
Coquimbo,0,CL,1638334396,82,-29.9533,-71.3436,55.13,2.3
George Town,40,MY,1638334569,74,5.4112,100.3354,88.9,1.01
Saint-Pierre,0,RE,1638334569,64,-21.3393,55.4781,82.04,20.71
Sioux Lookout,75,CA,1638334570,85,50.1001,-91.917,10.47,2.3
Mar del Plata,0,AR,1638334404,70,-38.0023,-57.5575,59.88,11.99
Laguna,20,US,1638334339,93,38.421,-121.4238,64.96,0.0
Nikolskoye,100,RU,1638334570,93,59.7035,30.7861,22.91,7.76
Upernavik,97,GL,1638334571,86,72.7868,-56.1549,20.55,4.68
Ol'ga,99,RU,1638334571,61,43.7444,135.2892,19.13,21.43
Lyubim,100,RU,1638334571,87,58.3625,40.6843,25.56,13.04
Palestine,100,PS,1638334572,72,31.9216,35.2033,54.82,15.52
Lavrentiya,2,RU,1638334572,87,65.5833,-171.0,-14.35,8.68
Gīdolē,76,ET,1638334572,39,5.65,37.3667,60.58,4.23
Cayenne,75,GF,1638334339,92,4.9333,-52.3333,77.09,1.14
Berlevåg,100,NO,1638334481,59,70.8578,29.0864,32.95,29.17
Camacupa,100,AO,1638334573,96,-12.0167,17.4833,61.18,1.97
Mumbwa,17,ZM,1638334573,28,-14.9783,27.0619,73.8,8.43
Port Hardy,90,CA,1638334573,93,50.6996,-127.4199,48.38,5.75
Saldanha,52,ZA,1638334574,79,-33.0117,17.9442,51.85,3.0
Tura,7,IN,1638334574,42,25.5198,90.2201,78.03,1.9
Pavlohrad,54,UA,1638334575,81,48.5167,35.8667,25.75,10.11
Udachny,100,RU,1638334575,96,66.4167,112.4,-15.5,3.42
Port Hawkesbury,1,CA,1638334390,79,45.6169,-61.3485,31.59,4.0
Marabu,40,MY,1638334575,58,4.4148,114.0089,89.74,5.75
Novikovo,65,RU,1638334576,80,51.1537,37.8879,28.62,8.55
Zharkent,86,KZ,1638334576,25,44.1628,80.0,40.05,4.05
Tuktoyaktuk,20,CA,1638334577,75,69.4541,-133.0374,-31.0,2.3
Ternate,99,ID,1638334577,74,0.8,127.4,82.69,6.98
Aljezur,1,PT,1638334577,77,37.3191,-8.8033,50.0,3.78
Jacksonville Beach,8,US,1638334578,62,30.2947,-81.3931,50.04,1.88
Zambezi,100,ZM,1638334578,80,-13.5432,23.1047,69.04,5.01
Farafangana,9,MG,1638334578,77,-22.8167,47.8333,79.7,8.34
Bilma,49,NE,1638334579,35,18.6853,12.9164,63.72,9.4
Severo-Kuril'sk,100,RU,1638334579,97,50.6789,156.125,36.12,18.43
Klaksvík,46,FO,1638334579,58,62.2266,-6.589,34.72,23.11
Adrar,98,MR,1638334580,19,20.5022,-10.0711,61.14,10.2
Dharmanagar,6,IN,1638334580,47,24.3667,92.1667,81.41,4.18
Castro,0,BR,1638334370,78,-24.7911,-50.0119,56.57,2.89
Erenhot,4,CN,1638334580,51,43.6475,111.9767,26.38,11.7
Richards Bay,99,ZA,1638334581,74,-28.783,32.0377,72.57,13.02
Srīvardhan,100,IN,1638334581,86,18.0333,73.0167,75.31,6.51
Oistins,75,BB,1638334581,94,13.0667,-59.5333,78.89,24.16
Porto Velho,75,BR,1638334582,94,-8.7619,-63.9039,75.25,0.0
Barrow,44,US,1638334501,98,71.2906,-156.7887,-20.56,9.69
Prestea,93,GH,1638334582,97,5.4327,-2.1428,73.67,1.03
Sinnamary,97,GF,1638334583,90,5.3833,-52.95,77.29,11.07
Arman',10,RU,1638334583,86,59.7,150.1667,-15.99,8.97
Bengkulu,67,ID,1638334583,65,-3.8004,102.2655,84.02,8.99
Dāmghān,41,IR,1638334584,47,36.1683,54.348,49.59,2.53
Hithadhoo,79,MV,1638334584,74,-0.6,73.0833,81.95,6.73
Bowen,11,AU,1638334584,70,-20.0167,148.2333,89.82,9.78
Zhigansk,100,RU,1638334585,100,66.7697,123.3711,-34.04,1.43
Melfi,5,IT,1638334585,82,40.9965,15.6514,36.39,7.43
Juneau,90,US,1638334505,95,58.3019,-134.4197,36.84,11.5
Lata,17,PT,1638334586,84,40.1629,-8.3327,40.06,1.28
Santa Cruz de la Sierra,75,BO,1638334586,88,-17.8,-63.1667,67.46,6.91
Presidente Epitácio,6,BR,1638334586,58,-21.7633,-52.1156,67.66,2.89
Torbay,40,CA,1638334586,86,47.6666,-52.7314,40.26,26.46
Floriano,67,BR,1638334587,88,-6.7669,-43.0225,73.99,1.25
Pontianak,20,ID,1638334587,49,-0.0333,109.3333,91.38,6.91
Aktau,10,KZ,1638334587,82,43.65,51.2,48.78,20.33
Leningradskiy,80,RU,1638334588,96,69.3833,178.4167,-21.96,10.69
Nhulunbuy,75,AU,1638334588,66,-12.2333,136.7667,88.41,4.61
Zhicheng,65,CN,1638334588,23,30.2956,111.5047,55.54,3.27
Vågåmo,79,NO,1638334589,88,61.8751,9.0967,8.44,3.67
Tokur,100,RU,1638334589,89,53.1333,132.9,-4.18,5.95
Hong Kong,19,HK,1638334299,38,22.2855,114.1577,72.18,1.99
Artesia,0,US,1638334589,59,33.8658,-118.0831,78.06,1.5
Taltal,19,CL,1638334590,83,-25.4,-70.4833,61.12,1.34
Baruun-Urt,4,MN,1638334590,58,46.6806,113.2792,21.83,11.9
Inhambane,12,MZ,1638334590,73,-23.865,35.3833,77.74,10.02
Cherskiy,100,RU,1638334591,98,68.75,161.3,-15.84,5.59
Lagoa,75,PT,1638334591,81,39.05,-27.9833,62.37,10.87
Khatanga,93,RU,1638334591,98,71.9667,102.5,-35.66,4.94
Sobolevo,100,RU,1638334591,90,54.4299,31.8996,22.77,12.3
Ban Nahin,51,LA,1638334592,33,18.2418,104.2122,81.64,4.07
São José dos Pinhais,0,BR,1638334592,92,-25.5347,-49.2064,62.83,6.91
Zhovti Vody,58,UA,1638334592,64,48.3473,33.5003,28.06,15.35
Hasaki,83,JP,1638334593,48,35.7333,140.8333,68.4,16.51
Isangel,75,VU,1638334593,83,-19.55,169.2667,80.71,0.0
Urengoy,98,RU,1638334593,96,65.9667,78.3667,-11.38,8.16
Portland,99,US,1638334506,89,45.5234,-122.6762,58.33,8.99
Sulina,55,RO,1638334594,65,45.1559,29.6536,37.62,16.71
Raja,63,SS,1638334594,72,8.4596,25.678,75.13,3.24
Alofi,42,NU,1638334595,69,-19.0595,-169.9187,80.49,17.27
Mount Hagen,40,PG,1638334595,53,-5.8581,144.2274,77.76,9.22
Turbat,3,PK,1638334595,23,26.0023,63.044,77.61,5.3
Gagnoa,71,CI,1638334596,98,6.1293,-5.9437,71.19,1.59
Kieta,90,PG,1638334596,74,-6.2167,155.6333,83.59,2.42
Touros,51,BR,1638334442,80,-5.1989,-35.4608,79.7,10.47
Bela,80,IN,1638334596,27,25.9333,81.9833,74.14,2.57
Port Lincoln,5,AU,1638334597,62,-34.7333,135.8667,66.04,14.97
Shache,54,CN,1638334597,28,38.4167,77.2406,34.07,2.55
Vologda,99,RU,1638334597,90,59.2187,39.8886,24.37,12.26
El Salvador,0,SV,1638334501,83,13.8333,-88.9167,63.19,3.83
Kloulklubed,73,PW,1638334598,77,7.0419,134.2556,79.3,19.01
Ribeira Grande,38,PT,1638334598,79,38.5167,-28.7,62.74,7.85
Mayumba,100,GA,1638334598,91,-3.432,10.6554,76.53,3.56
Sitka,90,US,1638334599,75,57.0531,-135.33,42.69,17.27
New Norfolk,100,AU,1638334599,58,-42.7826,147.0587,72.9,2.17
El Cobre,33,CU,1638334599,93,20.0489,-75.9469,69.12,4.68
Lahaina,79,US,1638334600,88,20.8783,-156.6825,77.81,5.95
Tashtyp,14,RU,1638334600,69,52.7939,89.8983,30.36,2.84
Mineiros,86,BR,1638334600,93,-17.5694,-52.5511,68.85,2.89
Kavieng,48,PG,1638334600,65,-2.5744,150.7967,85.46,9.95
Qaqortoq,100,GL,1638334601,96,60.7167,-46.0333,36.03,12.64
Khasan,48,RU,1638334601,67,42.4308,130.6434,21.6,30.96
Quatre Cocos,18,MU,1638334601,65,-20.2078,57.7625,83.08,13.2
Vila Franca do Campo,73,PT,1638334602,88,37.7167,-25.4333,63.19,7.4
Kharan,12,PK,1638334602,22,28.5833,65.4167,66.81,0.47
Selçuk,2,TR,1638334602,69,37.9514,27.3685,55.02,2.06
Vysokogornyy,100,RU,1638334603,91,50.1167,139.15,12.45,9.04
Saint Paul Harbor,100,US,1638334478,82,57.79,-152.4072,21.99,7.94
Paamiut,100,GL,1638334603,82,61.994,-49.6678,41.05,44.9
Tsabong,0,BW,1638334603,9,-26.0217,22.401,76.37,7.14
Maputo,75,MZ,1638334374,89,-25.9653,32.5892,74.88,17.0
Arrifes,75,PT,1638334604,82,37.7667,-25.7,61.23,9.22
Chui,77,UY,1638334604,83,-33.6971,-53.4616,62.55,9.64
Puerto Ayora,35,EC,1638334604,93,-0.7393,-90.3518,68.0,6.49
Katherine,34,AU,1638334605,24,-14.4667,132.2667,102.52,8.05
Ust'-Ilimsk,100,RU,1638334605,82,58.0006,102.6619,19.35,15.37
Zonguldak,100,TR,1638334605,97,41.25,31.8333,36.32,6.13
Pierre,44,US,1638334559,65,44.3683,-100.351,48.27,8.99
High Rock,0,BS,1638334606,58,26.6208,-78.2833,59.02,7.34
Tongzi,96,CN,1638334606,56,28.7829,105.0877,57.92,3.36
Sikonge,48,TZ,1638334607,77,-5.6333,32.7667,69.62,3.62
Amapá,97,BR,1638334607,99,1.0,-52.0,72.0,1.92
Tessalit,99,ML,1638334607,17,20.1986,1.0114,70.86,8.9
Almaznyy,100,RU,1638334608,96,48.0448,40.045,30.34,11.18
Faanui,100,PF,1638334608,74,-16.4833,-151.75,81.86,21.18
Belmonte,98,BR,1638334608,87,-15.8631,-38.8828,77.5,13.91
Lima,75,PE,1638334462,82,-12.0432,-77.0282,65.89,12.66
Ostashkov,100,RU,1638334609,92,57.1467,33.1075,20.21,11.43
Labuhan,76,ID,1638334609,70,-6.8844,112.2051,85.01,9.62
Arrondissement de Laon,100,FR,1638334609,88,49.5667,3.6667,46.65,22.95
Helmsdale,100,GB,1638334610,97,58.1168,-3.6517,43.18,21.56
Saint George,1,US,1638334400,32,37.1041,-113.5841,55.26,1.01
Bonthe,12,SL,1638334610,87,7.5264,-12.505,76.21,3.38
Te Anau,4,NZ,1638334610,43,-45.4167,167.7167,74.64,2.35
Havelock,0,US,1638334611,70,34.8791,-76.9013,53.94,1.01
Goedereede,100,NL,1638334611,84,51.8175,3.9806,50.0,8.99
Usinsk,100,RU,1638334611,92,65.9939,57.5281,12.15,25.26
Unity,100,CA,1638334612,75,52.4501,-109.1682,33.26,7.31
Nālūt,5,LY,1638334612,60,30.3333,10.85,46.92,9.08
Avarua,90,CK,1638334612,83,-21.2078,-159.775,77.05,8.05
Wajir,100,KE,1638334613,77,1.7471,40.0573,77.09,12.68
Luwuk,97,ID,1638334613,65,-0.9516,122.7875,86.43,2.01
Wencheng,100,CN,1638334613,22,33.0559,113.7978,49.98,4.27
Tuatapere,4,NZ,1638334614,61,-46.1333,167.6833,68.83,6.78
Kohima,28,IN,1638334614,40,25.6667,94.1167,69.33,1.66
Kariya,52,JP,1638334615,54,34.75,134.4,53.98,24.72
Am Timan,28,TD,1638334615,26,11.0297,20.2827,74.53,6.89
Mariehamn,90,AX,1638334615,64,60.0973,19.9348,30.06,8.05
Havre-St-Pierre,1,CA,1638334616,68,50.2334,-63.5986,26.6,20.71
Arrondissement de Bourges,100,FR,1638334616,92,47.25,2.4167,46.72,18.32
Lüderitz,0,NA,1638334616,77,-26.6481,15.1594,61.14,13.06
Breytovo,100,RU,1638334617,90,58.2993,37.8617,24.84,18.1
Presidencia Roque Sáenz Peña,0,AR,1638334617,56,-26.7852,-60.4388,65.62,6.51
Esperance,64,AU,1638334617,54,-33.8667,121.9,73.24,13.67
Narrabri,40,AU,1638334617,51,-30.3167,149.7833,82.49,12.66
Vanimo,100,PG,1638334618,74,-2.6741,141.3028,82.36,4.47
Tasiilaq,100,GL,1638334618,86,65.6145,-37.6368,13.24,6.93
Souillac,40,MU,1638334618,69,-20.5167,57.5167,83.35,4.61
Pakse,75,LA,1638334619,57,15.1167,105.7833,80.74,9.22
Sabla,3,NG,1638334619,20,12.7525,4.7077,70.0,10.98
Sørland,100,NO,1638334619,64,67.667,12.6934,14.07,14.12
Belaya Gora,99,RU,1638334620,100,68.5333,146.4167,-23.87,4.74
Wanning,58,CN,1638334620,55,18.8003,110.3967,73.0,16.62
Bathsheba,75,BB,1638334620,94,13.2167,-59.5167,79.41,24.16
Banda Aceh,84,ID,1638334621,69,5.5577,95.3222,83.64,13.65
Losal,100,IN,1638334621,24,27.4,74.9167,71.15,4.83
Senador Pompeu,48,BR,1638334621,79,-5.5881,-39.3717,76.69,6.87
Sierpc,76,PL,1638334622,94,52.8568,19.6691,25.34,5.08
Port Blair,100,IN,1638334622,87,11.6667,92.75,78.82,17.16
Moussoro,8,TD,1638334622,18,13.6408,16.4901,74.48,14.41
Paralímni,73,CY,1638334623,81,35.0375,33.9833,61.29,3.0
Mandan,1,US,1638334623,75,46.8267,-100.8896,42.96,3.0
Laas,43,IT,1638334623,79,46.6166,10.7002,34.54,2.57
Lázaro Cárdenas,86,MX,1638334624,85,17.9583,-102.2,76.57,3.74
Singarāyakonda,78,IN,1638334624,73,15.25,80.0333,80.04,11.12
Linxia Chengguanzhen,1,CN,1638334624,41,35.6003,103.2064,35.1,4.36
Carutapera,45,BR,1638334625,88,-1.195,-46.02,77.58,4.9
Port Moresby,40,PG,1638334515,66,-9.4431,147.1797,90.82,11.5
Raudeberg,98,NO,1638334625,93,61.9875,5.1352,32.67,1.99
Silopi,100,TR,1638334626,44,37.2497,42.4694,59.41,13.78
Necochea,59,AR,1638334626,83,-38.5473,-58.7368,47.03,9.44
Kulhudhuffushi,62,MV,1638334626,77,6.6221,73.07,81.91,10.04
Kentau,0,KZ,1638334627,29,43.5206,68.5094,53.46,4.07
Hervey Bay,55,AU,1638334627,79,-25.2986,152.8535,87.04,7.34
Salta,0,AR,1638334627,65,-24.7859,-65.4117,73.69,3.44
Bontang,99,ID,1638334628,79,0.1333,117.5,82.33,1.43
Chara,78,RU,1638334628,89,56.9064,118.2631,2.57,0.63
Tabou,93,CI,1638334628,86,4.423,-7.3528,78.1,5.57
Altay,52,CN,1638334629,67,47.8667,88.1167,24.57,3.74
Benemérito de las Américas,16,MX,1638334629,99,16.5167,-90.6439,67.64,1.14
Acapulco de Juárez,57,MX,1638334608,82,16.8634,-99.8901,77.34,4.07
Kajaani,90,FI,1638334629,86,64.2273,27.7285,15.85,10.36
Eureka,20,US,1638334630,93,40.8021,-124.1637,51.26,1.99
Tsybuliv,100,UA,1638334630,93,49.0766,29.8461,31.35,16.28
Gujar Khan,0,PK,1638334630,24,33.2558,73.3026,65.43,2.64
Coxim,97,BR,1638334338,86,-18.5067,-54.76,76.33,1.81
Kizhinga,27,RU,1638334631,51,51.8462,109.9097,27.5,12.59
Kumul,0,CN,1638334631,54,42.8,93.45,28.71,3.33
Tamayo,21,DO,1638334631,80,18.3947,-71.2029,73.98,3.13
Teguise,0,ES,1638334632,77,29.0605,-13.564,57.42,8.05
Champerico,0,GT,1638334632,76,14.3,-91.9167,80.04,4.05
Longyearbyen,0,SJ,1638334632,61,78.2186,15.6401,6.64,19.57
Ayan,53,RU,1638334633,67,56.45,138.1667,6.64,9.06
Ihosy,25,MG,1638334633,69,-22.4,46.1167,76.08,5.17
Lieksa,100,FI,1638334633,90,63.3167,30.0167,20.43,12.88
Banjar,100,ID,1638334634,90,-8.19,114.9675,76.91,3.06
Portree,96,GB,1638334634,92,57.4129,-6.1942,45.86,16.91
Bethel,51,US,1638334500,83,41.3712,-73.414,38.91,4.79
Sussex,89,US,1638334561,67,41.1834,-74.6663,37.62,5.01
Dunedin,100,NZ,1638334635,91,-45.8742,170.5036,53.98,14.34
Bambous Virieux,40,MU,1638334635,69,-20.3428,57.7575,83.21,4.61
Port-Gentil,84,GA,1638334635,80,-0.7193,8.7815,80.46,7.99
Tawang Town,9,IN,1638334636,42,27.5833,91.8667,56.53,6.4
Verkhnyaya Toyma,100,RU,1638334636,96,62.2349,44.9985,31.41,7.74
Ilulissat,94,GL,1638334636,64,69.2167,-51.1,21.99,14.65
Hays,87,US,1638334636,85,30.0502,-98.0336,60.67,3.0
Vila,100,PT,1638334637,94,42.0304,-8.1588,41.32,3.89
Itoman,40,JP,1638334637,45,26.1247,127.6694,68.02,28.77
Riviere-au-Renard,77,CA,1638334637,74,48.9957,-64.3971,24.8,14.83
Flinders,54,AU,1638334638,74,-34.5833,150.8552,78.08,11.05
Mayo,2,US,1638334638,90,38.8876,-76.5119,44.29,6.96
Chivilcoy,98,AR,1638334618,10,-34.8957,-60.0167,61.02,3.0
Mujiayingzi,0,CN,1638334639,40,42.1167,118.7833,29.16,11.25
Beloha,43,MG,1638334639,58,-25.1667,45.05,83.39,3.65
Lagos,100,NG,1638334639,92,6.5833,3.75,79.12,1.36
Sola,76,VU,1638334639,70,-13.8833,167.55,82.74,7.36
Inuvik,1,CA,1638334640,72,68.3499,-133.7218,-22.94,2.3
Alghero,75,IT,1638334640,71,40.5589,8.3181,55.49,8.05
Nizwá,6,OM,1638334641,47,22.9333,57.5333,72.36,2.26
Iaçu,100,BR,1638334394,88,-12.7672,-40.2117,74.52,2.26
Belluno,78,IT,1638334641,82,46.145,12.2214,36.34,1.59
Margate,99,GB,1638334429,83,51.3813,1.3862,51.04,3.0
Burley,16,US,1638334641,54,42.5357,-113.7928,36.68,6.82
San Ramon,0,US,1638334642,61,37.7799,-121.978,65.25,2.73
Montero,52,BO,1638334642,82,-17.3333,-63.25,68.9,3.65
San Policarpo,100,PH,1638334642,80,12.1791,125.5072,82.69,13.09
Tianpeng,28,CN,1638334643,49,30.9866,103.9393,57.67,4.92
Lebu,17,CL,1638334643,92,-37.6167,-73.65,52.0,8.86
Zaoyang,63,CN,1638334643,19,32.1272,112.7542,53.15,1.81
Hay River,75,CA,1638334644,78,60.8156,-115.7999,-0.42,9.22
Grindavik,75,IS,1638334644,80,63.8424,-22.4338,28.87,6.91
Kudahuvadhoo,33,MV,1638334644,75,2.6708,72.8944,82.24,8.34
Morro Bay,0,US,1638334645,59,35.3658,-120.8499,64.78,1.01
Murgab,0,TM,1638334645,40,37.4966,61.9714,53.47,11.5
Rūdsar,100,IR,1638334645,46,37.1376,50.288,80.65,9.53
Asău,100,RO,1638334646,59,46.4333,26.4,38.75,8.66
Muros,100,ES,1638334646,95,42.7762,-9.0603,57.83,7.09
Russell,58,US,1638334646,58,32.3502,-85.1999,45.0,2.68
Harper,89,LR,1638334647,88,4.375,-7.7169,77.68,5.39
Calvià,0,ES,1638334647,95,39.5657,2.5062,53.08,11.86
Goya,5,AR,1638334647,53,-29.14,-59.2626,63.52,4.97
Half Moon Bay,40,US,1638334559,61,37.4636,-122.4286,66.74,0.0
Abnūb,43,EG,1638334648,76,27.2696,31.1511,62.19,12.06
Hobyo,87,SO,1638334648,62,5.3505,48.5268,81.14,20.22
Kiryat Gat,100,IL,1638334648,100,31.61,34.7642,63.28,10.42
Puerto Escondido,38,MX,1638334649,75,15.85,-97.0667,77.41,4.74
Sirte,36,LY,1638334649,63,31.2089,16.5887,61.3,11.54
Morgan City,34,US,1638334649,74,29.6994,-91.2068,50.0,4.07
Batangafo,90,CF,1638334649,68,7.3008,18.2833,73.65,3.74
Guatire,85,VE,1638334650,96,10.4762,-66.5427,74.19,0.43
Tevaitoa,98,PF,1638334650,75,-16.7833,-151.5,81.7,20.83
Daoukro,73,CI,1638334651,97,7.0591,-3.9631,71.44,2.26
Konosha,100,RU,1638334651,94,60.9736,40.257,26.71,1.68
Misratah,52,LY,1638334651,56,32.3754,15.0925,60.48,12.15
Springbok,0,ZA,1638334651,64,-29.6643,17.8865,58.53,1.25
Itarema,53,BR,1638334652,79,-2.9248,-39.9167,78.91,9.69
Benghazi,69,LY,1638334483,58,32.1167,20.0667,63.09,18.43
Beringovskiy,100,RU,1638334652,91,63.05,179.3167,18.3,12.73
Okhotsk,10,RU,1638334653,86,59.3833,143.3,-13.9,14.43
Krasnosel'kup,65,RU,1638334653,98,65.7,82.4667,-19.08,5.99
Baykit,95,RU,1638334653,90,61.67,96.37,-2.76,6.96
Januária,70,BR,1638334653,86,-15.4833,-44.3667,70.41,3.09
Kokopo,84,PG,1638334654,63,-4.352,152.2633,85.71,3.53
Bairiki Village,20,KI,1638334654,66,1.3292,172.9752,86.0,8.05
Gaeta,67,IT,1638334654,63,41.2183,13.5628,49.77,1.95
Cooma,90,AU,1638334655,56,-36.2333,149.1333,69.57,12.66
Lompoc,1,US,1638334655,87,34.6391,-120.4579,66.78,0.0
Jalu,8,LY,1638334655,69,29.0331,21.5482,54.0,5.91
La Ronge,90,CA,1638334656,86,55.1001,-105.2842,23.25,3.44
Glace Bay,90,CA,1638334656,77,46.1969,-59.957,33.06,7.0
Guerrero Negro,0,MX,1638334656,86,27.9769,-114.0611,62.33,6.11
Meadow Lake,1,US,1638334657,49,34.8014,-106.5436,51.31,2.39
Praia da Vitória,75,PT,1638334657,94,38.7333,-27.0667,61.05,8.9
Faya,0,SA,1638334657,28,18.3851,42.4509,45.12,4.16
Gushikawa,90,JP,1638334657,52,26.3544,127.8686,67.23,18.41
Iranshahr,0,IR,1638334658,39,27.2025,60.6848,64.74,6.91
Naze,89,JP,1638334658,63,28.3667,129.4833,59.92,23.53
Florida,0,US,1638334658,93,28.7505,-82.5001,52.75,5.68
Pacific Grove,0,US,1638334524,67,36.6177,-121.9166,60.49,5.01
Pichayevo,100,RU,1638334659,72,53.2363,42.2032,29.73,8.9
Hearst,100,CA,1638334659,87,49.6835,-83.6665,16.05,9.35
Tigil',100,RU,1638334660,92,57.8,158.6667,22.98,11.74
Virginia Beach,1,US,1638333951,48,36.8529,-75.978,51.82,1.01
Okha,100,RU,1638334660,93,53.5739,142.9478,23.86,26.87
Batagay,99,RU,1638334660,99,67.6333,134.6333,-26.81,1.3
Fare,100,PF,1638334661,74,-16.7,-151.0167,81.72,20.54
Srandakan,76,ID,1638334661,68,-7.9386,110.2506,84.94,10.56
Gornopravdinsk,100,RU,1638334661,90,60.05,69.9,32.94,11.65
Mount Isa,4,AU,1638334662,9,-20.7333,139.5,100.17,9.22
Provideniya,1,RU,1638334662,59,64.3833,-173.3,-4.65,8.95
Toporu,99,RO,1638334662,51,44.0106,25.6528,34.02,19.35
Motala,74,SE,1638334663,83,58.5371,15.0365,22.73,5.12
Bayeux,20,BR,1638334663,88,-7.125,-34.9322,77.63,3.44
Galveston,86,US,1638334664,91,29.3669,-94.9669,64.96,6.8
Mabama,78,TZ,1638334664,84,-5.1333,32.5333,69.19,5.23
Geraldton,0,AU,1638334664,53,-28.7667,114.6,74.12,21.85
Cockburn Town,84,TC,1638334500,76,21.4612,-71.1419,79.38,15.23
Poya,66,NC,1638334665,68,-21.35,165.15,84.07,5.77
Port Victoria,86,KE,1638334665,76,0.0939,33.9756,69.46,10.85
Longyan,6,CN,1638334665,34,25.1072,117.0225,63.05,4.9
Balabac,94,PH,1638334665,76,7.9868,117.0645,83.89,9.01
Catacamas,20,HN,1638334666,73,14.8,-85.9,75.61,3.44
Khowst,98,AF,1638334666,23,33.3833,69.8833,58.19,0.72
Mogwase,23,ZA,1638334667,41,-25.185,27.2665,76.96,5.39
Pamanukan,74,ID,1638334667,59,-6.2842,107.8106,88.36,4.18
Mehamn,100,NO,1638334667,65,71.0357,27.8492,30.38,22.77
Eyl,100,SO,1638334667,53,7.9803,49.8164,79.14,17.38
Casma,38,CL,1638334668,99,-41.0082,-73.1244,49.28,0.25
Marrakesh,0,MA,1638334635,70,31.6315,-8.0083,42.87,3.44
Merritt Island,1,US,1638334494,85,28.5392,-80.672,62.98,4.61
Sosnovo-Ozerskoye,53,RU,1638334668,65,52.5249,111.5418,22.32,19.55
Saint-Augustin,100,CA,1638334669,92,51.226,-58.6502,23.05,18.95
Gawler,26,AU,1638334669,34,-34.6,138.7333,93.63,12.26
Tibati,68,CM,1638334669,33,6.4667,12.6333,66.16,1.14
Fort Nelson,90,CA,1638334670,77,58.8053,-122.7002,-8.01,11.5
Marabba,0,SD,1638334670,25,12.35,32.1833,79.66,7.78
Kaffrine,32,SN,1638334670,26,14.1059,-15.5508,71.83,8.21
Bestöbe,10,KZ,1638334670,80,52.4994,73.0975,16.12,12.28
Vostok,100,RU,1638334671,96,46.4856,135.8833,7.68,15.7
Broome,90,US,1638334671,78,42.2506,-75.833,38.01,3.0
Peniche,3,PT,1638334671,69,39.3558,-9.3811,53.62,2.04
Lishui,1,CN,1638334672,44,28.4604,119.9103,52.07,6.85
Władysławowo,66,PL,1638334672,70,54.7909,18.4009,27.93,7.83
Porto-Novo,100,BJ,1638334457,88,6.4965,2.6036,80.42,2.86
Mitrovice,46,XK,1638334673,81,42.8833,20.8667,30.54,2.89
Xiongzhou,3,CN,1638334673,26,25.1167,114.3,61.11,10.22
Arrondissement de Saint-Malo,99,FR,1638334673,100,48.5,-1.8333,53.26,18.52
Codrington,6,AU,1638334476,68,-38.2667,141.9667,66.72,13.04
Sakakah,78,SA,1638334674,26,29.9697,40.2064,56.77,7.45
Punta Alta,51,AR,1638334674,49,-38.8759,-62.0736,59.94,14.97
Putina,47,PE,1638334674,79,-15.4667,-69.4333,46.38,7.0
Zabid,0,YE,1638334675,57,14.1951,43.3152,79.61,6.06
Atar,100,MR,1638334675,18,20.5169,-13.0499,67.84,9.33
Muroto-misakicho,4,JP,1638334675,52,33.2833,134.15,57.24,23.15
Swan Hill,66,AU,1638334676,24,-35.3378,143.5544,92.57,11.27
Syracuse,0,IT,1638334577,64,37.0881,15.2792,45.32,12.33
Kalaīkunda,6,IN,1638334676,40,22.35,87.25,78.08,9.8
Dingle,98,PH,1638334676,75,10.9995,122.6711,84.88,11.36
Nishihara,40,JP,1638334677,46,26.1842,127.7558,67.28,28.77
Champagnole,100,FR,1638334677,93,46.7445,5.9135,38.77,10.51
Nacala,29,MZ,1638334677,66,-14.5428,40.6728,84.51,6.08
Oodweyne,7,SO,1638334678,30,9.4092,45.064,69.85,19.01
Lewiston,100,US,1638334678,81,44.1003,-70.2148,34.39,1.81
Tiznit Province,0,MA,1638334679,39,29.5833,-9.5,53.91,4.45
Vestmanna,90,FO,1638334679,64,62.1564,-7.1664,32.92,9.22
Panjāb,1,AF,1638334679,45,34.388,67.0233,34.81,1.97
Batagay-Alyta,97,RU,1638334680,99,67.8006,130.4114,-28.25,2.06
Riyadh,0,SA,1638334680,33,24.6877,46.7219,55.45,5.75
Ixtapa,100,MX,1638334680,86,20.7,-105.2,75.22,1.97
Iqaluit,90,CA,1638334681,79,63.7506,-68.5145,11.93,4.61
Mahīshādal,10,IN,1638334681,38,22.1833,87.9833,79.74,11.07
Tautira,100,PF,1638334681,76,-17.7333,-149.15,82.42,20.07
Warmbad,0,NA,1638334682,50,-28.45,18.7333,64.09,4.47
Samoded,100,RU,1638334682,95,63.6083,40.5111,18.34,6.38
Nador,90,MA,1638334682,87,35.174,-2.9287,52.05,3.44
Mwene-Ditu,100,CD,1638334683,96,-7.0,23.45,65.12,2.44
Abéché,14,TD,1638334683,25,13.8292,20.8324,74.84,17.29
San Quintín,0,MX,1638334683,75,30.4833,-115.95,60.62,1.41
Liverpool,99,GB,1638334451,90,53.4106,-2.9779,47.77,15.99
Torbat-e Jām,8,IR,1638334684,37,35.244,60.6225,56.01,2.53
Seoul,20,KR,1638334598,36,37.5683,126.9778,35.08,16.11
Sabang,85,ID,1638334684,73,5.8933,95.3214,82.17,21.03
Morant Bay,34,JM,1638334685,82,17.8815,-76.4093,78.42,10.33
Pangnirtung,99,CA,1638334685,94,66.1451,-65.7125,11.88,5.12
Port Hedland,3,AU,1638334685,6,-20.3167,118.5667,111.25,8.05
Assiniboia,59,CA,1638334686,70,49.6334,-105.9845,39.11,13.8
Ogaminana,67,NG,1638334686,67,7.5946,6.2248,72.63,1.9
Saint-Joseph,87,RE,1638334686,71,-21.3667,55.6167,80.96,9.35
Castle Douglas,100,GB,1638334686,78,54.9409,-3.9278,44.33,21.32
Tauberbischofsheim,100,DE,1638334687,82,49.6247,9.6628,43.63,20.15
Khorinsk,21,RU,1638334687,59,52.1657,109.7726,24.64,11.21
Lewisporte,81,CA,1638334687,67,49.2499,-55.0482,35.98,18.72
Ji’an,0,CN,1638334688,33,27.1172,114.9793,56.44,10.96
Mandalgovi,11,MN,1638334688,35,45.7625,106.2708,26.11,10.07
San Patricio,96,US,1638334688,78,28.017,-97.5169,67.82,6.42
Bansko,20,BG,1638334689,73,41.8383,23.4885,25.21,4.5
Imbituba,4,BR,1638334689,84,-28.24,-48.6703,71.49,4.18
Tanout,77,NE,1638334689,26,14.9709,8.8879,66.94,15.37
Tamale,43,GH,1638334690,40,9.4008,-0.8393,76.69,0.69
Pitsunda,100,GE,1638334690,86,43.1592,40.3378,46.58,14.32
Road Town,51,VG,1638334690,76,18.4167,-64.6167,79.0,17.87
Sukhobuzimskoye,100,RU,1638334691,89,56.5,93.2728,28.04,12.21
León,81,MX,1638334625,46,21.1167,-101.6667,65.03,1.16
Severo-Yeniseyskiy,99,RU,1638334691,90,60.3725,93.0408,-1.7,6.29
Port Augusta,3,AU,1638334691,33,-32.5,137.7667,98.71,13.13
São Miguel do Araguaia,95,BR,1638334692,92,-13.275,-50.1628,72.97,4.88
Fairbanks,90,US,1638334502,78,64.8378,-147.7164,1.4,0.0
Dingtao,34,CN,1638334692,28,35.0683,115.5625,46.94,7.7
Korla,3,CN,1638334692,46,41.7597,86.1469,29.89,2.24
Westport,48,US,1638334415,87,41.1415,-73.3579,41.99,1.01
Gigmoto,95,PH,1638334693,73,13.7796,124.39,84.54,12.19
Hamilton,0,US,1638334693,83,39.1834,-84.5333,41.79,2.35
Northam,58,GB,1638334693,83,51.0333,-4.2167,49.6,28.05
Yangi Marg`ilon,0,UZ,1638334694,53,40.4272,71.7189,45.82,2.3
Rocha,94,UY,1638334694,82,-34.4833,-54.3333,59.61,6.24
Yulara,0,AU,1638334694,6,-25.2406,130.9889,103.84,10.36
Kyra,28,RU,1638334695,62,49.5776,111.9753,26.08,5.35
Mubi,45,NG,1638334695,25,10.2676,13.2644,69.3,3.0
Badin,17,PK,1638334695,22,24.656,68.8384,79.03,10.07
Valparaíso,0,CL,1638334696,87,-33.0393,-71.6273,56.32,3.44
Anzio,95,IT,1638334696,73,41.4853,12.6179,50.7,11.45
Husavik,98,IS,1638334696,89,66.0449,-17.3389,22.91,8.16
Morón,57,AR,1638334697,83,-34.6534,-58.6198,63.99,1.01
Morondava,17,MG,1638334697,60,-20.2833,44.2833,81.93,2.82
Bow Island,99,CA,1638334697,51,49.8668,-111.3684,53.98,0.0
Acajutla,0,SV,1638334698,66,13.5928,-89.8275,77.05,6.71
Gannan,20,CN,1638334698,59,47.9147,123.5031,20.08,8.16
Mareeba,36,AU,1638334698,67,-17.0,145.4333,88.45,6.04
Xianshuigu,0,CN,1638334699,19,38.985,117.3828,46.4,8.95
Leh,22,IN,1638334699,40,34.1667,77.5833,22.03,1.45
Luanda,75,AO,1638334699,88,-8.8368,13.2343,77.0,5.75
Paithan,100,IN,1638334700,44,19.4833,75.3833,69.48,9.84
Greencastle,1,US,1638334700,87,39.6445,-86.8647,41.16,3.44
Zhangaözen,0,KZ,1638334700,39,43.3,52.8,57.7,23.85
Oranjemund,10,NA,1638334701,87,-28.55,16.4333,61.34,6.62
Ossora,23,RU,1638334701,93,59.2353,163.0719,10.6,6.82
Poum,14,NC,1638334701,76,-20.2333,164.0167,82.08,9.1
Carnarvon,0,AU,1638334702,53,-24.8667,113.6333,78.87,20.71
Lac du Bonnet,100,CA,1638334615,95,50.2536,-96.0612,24.13,9.6
Sabha,71,LY,1638334702,48,27.0377,14.4283,50.05,9.55
Krasnyy Yar,86,RU,1638334702,94,46.5331,48.3456,42.73,10.0
Khovd,18,MN,1638334703,37,48.0056,91.6419,25.59,1.3
Hohhot,0,CN,1638334703,46,40.8106,111.6522,25.09,4.47
Storslett,31,NO,1638334703,77,69.7678,21.0247,15.84,10.42
Chernyshevskiy,100,RU,1638334704,96,63.0128,112.4714,-8.01,7.36
Zubtsov,100,RU,1638334704,90,56.1753,34.5894,24.01,13.31
Samaná,44,DO,1638334704,87,19.2056,-69.3369,75.65,6.49
Sibolga,37,ID,1638334705,66,1.7427,98.7792,84.27,6.11
Kānt,99,IN,1638334705,36,27.8,79.8,68.59,4.36
Puerto Padre,14,CU,1638334705,85,21.195,-76.6028,72.39,6.82
Tazovsky,99,RU,1638334706,100,67.4667,78.7,-17.1,7.11
Bac Lieu,92,VN,1638334706,71,9.285,105.7244,82.74,18.07
Krasnoarmeysk,100,RU,1638334706,100,51.0239,45.6969,33.15,10.51
Athabasca,100,CA,1638334707,97,54.7169,-113.2854,32.41,1.43
Jasper,65,US,1638334707,67,37.2001,-94.3502,55.81,7.25
Barcelos,96,PT,1638334641,78,41.5388,-8.6151,48.92,3.0
Olavarría,58,AR,1638334707,67,-36.8927,-60.3225,49.24,8.55
Bemidji,90,US,1638334708,98,47.4736,-94.8803,30.56,9.22
Kakamega,92,KE,1638334708,77,0.2842,34.7523,65.21,5.57
Jaca,93,ES,1638334708,92,42.569,-0.5499,32.2,3.87
Waingapu,100,ID,1638334709,71,-9.6567,120.2641,82.54,5.88
Luganville,23,VU,1638334709,71,-15.5333,167.1667,84.4,7.0
Malindi,75,KE,1638334709,88,-3.2175,40.1191,77.16,0.0
Malanje,100,AO,1638334456,99,-9.5402,16.341,63.61,2.84
Solnechnyy,100,RU,1638334710,92,50.7214,136.6319,7.75,17.81
Padang,56,ID,1638334710,63,-0.9492,100.3543,87.85,6.11
Murray Bridge,16,AU,1638334710,46,-35.1167,139.2667,93.85,15.84
Dombarovskiy,100,RU,1638334710,78,50.7587,59.5386,34.21,22.03
Forsytheganj,100,BY,1638334711,97,52.6333,29.7333,29.79,6.31
Yala,73,TH,1638334711,77,6.3333,101.25,81.61,3.78
Planadas,99,CO,1638334711,94,3.197,-75.6451,65.68,3.67
Cibitoke Province,97,BI,1638334712,86,-2.8833,29.25,63.14,3.11
Guilin,13,CN,1638334712,31,25.2819,110.2864,64.51,13.33
Kapuskasing,90,CA,1638334712,79,49.4169,-82.4331,19.49,11.5
Iquitos,75,PE,1638334713,94,-3.7481,-73.2472,77.04,2.3
Victor Harbor,24,AU,1638334713,74,-35.5667,138.6167,94.19,3.0
Kununurra,12,AU,1638334713,15,-15.7667,128.7333,105.78,5.75
Talnakh,82,RU,1638334714,100,69.4865,88.3972,-21.8,0.81
Santa Rosa,67,PH,1638334714,81,14.3122,121.1114,89.11,13.22
Bereket,47,TM,1638334714,27,39.2446,55.5154,66.58,7.25
Songyuan,5,CN,1638334715,73,45.1171,124.8568,17.65,10.4
Nabire,96,ID,1638334505,78,-3.3667,135.4833,80.42,1.59
Nova Viçosa,96,BR,1638334715,92,-17.8919,-39.3719,76.39,12.37
Charters Towers,3,AU,1638334715,29,-20.1,146.2667,94.03,4.18
Partenit,56,UA,1638334716,69,44.578,34.3446,43.57,12.93
Oussouye,8,SN,1638334716,55,12.485,-16.5469,71.62,6.93
Hastings,84,GB,1638334716,85,50.8552,0.5729,51.3,25.19
Gamba,100,GA,1638334474,89,-2.65,10.0,77.04,3.58
Pathein,26,MM,1638334717,60,16.7833,94.7333,81.88,13.47
Henties Bay,6,NA,1638334717,91,-22.116,14.2845,57.85,5.21
